INSERT INTO companies (id, name, address, phone)
VALUES (50000, 'ТСЖ', 'Чикаго', 222333);

INSERT INTO addresses (id, city, street, house, building, apartment)
VALUES (80000, 'Чикаго', 'улица Ленина', '1', null, '11'),
       (80001, 'Чикаго', 'улица Ленина', '1', null, '21'),
       (80002, 'Чикаго', 'улица Ленина', '1', null, '31'),
       (80003, 'Чикаго', 'улица Ленина', '3', 'A', '3');

INSERT INTO users (id, phone, email, first_name, second_name, patronymic, address_id, company_id)
VALUES (60000, 79000000000, 'user0@mail.ru', 'Петр', 'Петров', 'Петрович', 80002, 50000),
       (60001, 79111111111, 'user1@mail.ru', 'Сидор', 'Сидоров', 'Сидорович', 80000, 50000),
       (60002, 79222222222, 'user2@mail.ru', 'Иван', 'Иванов', 'Иванович', 80001, 50000),
       (60003, 79333333333, 'user3@mail.ru', 'Фирс', 'Фирсов', 'Фирсович', 80003, 50000);

INSERT INTO user_roles (role, user_id)
VALUES ('USER', 60000),
       ('USER', 60001),
       ('USER', 60003),
       ('ADMIN', 60002),
       ('USER', 60002);
       
INSERT INTO services (id, name)
VALUES (90000, 'Электричество'),
       (90001, 'Холодная вода'),
       (90002, 'Горячая вода'),
       (90003, 'Газ');

INSERT INTO maters (id, name, user_id, service_id)
VALUES (70000, 'эл.юз1', 60000, 90000),
       (70001, 'г.вод.юз1', 60000, 90002),
       (70002, 'х.вод.юз1', 60000, 90001),
       (70003, 'газ.юз1', 60000, 90003),
       (70004, 'газ.юз2', 60001, 90003),
       (70005, 'х.вод.юз2', 60001, 90001),
       (70006, 'газ.юз3', 60002, 90003),
       (70007, 'х.вод.юз3', 60002, 90001),
       (70008, 'г.вод.юз3', 60002, 90002);

INSERT INTO mater_values (id, mater_id, date, value)
VALUES (80000, 70000, '2021-09-06 17:30:45.123456', 100),
       (80001, 70001, '2021-09-06 17:30:45.123456', 200),
       (80002, 70002, '2021-09-06 17:30:45.123456', 300),
       (80003, 70003, '2021-09-06 17:30:45.123456', 400),
       (80004, 70004, '2021-09-06 17:30:45.123456', 500),
       (80005, 70005, '2021-09-06 17:30:45.123456', 600),
       (80006, 70006, '2021-09-06 17:30:45.123456', 700),
       (80007, 70007, '2021-09-06 17:30:45.123456', 800);

INSERT INTO requests (id, type, title, date, address, comment, status, client_id)
VALUES (80000, 1, 'Заявка 1', '2021-11-15 17:35:45.000000', 1, 'Описание заявки 1', 1, 60000),
       (80001, 1, 'Заявка 2', '2021-11-17 17:35:17.000000', 1, 'Когда будет готова Заявка 1?', 1, 60000),
       (80002, 2, 'Заявка 1', '2021-10-15 12:22:17.000000', 2, 'А у нас в квартире газ', 2, 60001);


